Wall time         ,Step,Value
1510684772.8788273,5   ,2.236604690551758
1510684774.678586 ,6   ,2.2252461910247803
1510684781.8592718,10  ,2.173164129257202
1510684783.688278 ,11  ,2.1575400829315186
1510684787.3571033,13  ,2.1216068267822266
1510684789.16181  ,14  ,2.1007473468780518
1510684790.9910517,15  ,2.0775578022003174
1510684794.642018 ,17  ,2.0226242542266846
1510684796.462229 ,18  ,1.990064024925232
1510684798.298312 ,19  ,1.953629732131958
1510684800.1297927,20  ,1.9128906726837158
1510684807.4796972,24  ,1.7018425464630127
1510684823.8452306,33  ,1.0769550800323486
1510684825.6396701,34  ,1.01902437210083
1510684829.3168285,36  ,0.9173763394355774
1510684834.8240824,39  ,0.7970897555351257
1510684836.6614902,40  ,0.7642524242401123
1510684840.3505485,42  ,0.7074138522148132
1510684843.9594786,44  ,0.660393476486206
1510684845.751686 ,45  ,0.639901876449585
1510684849.3712435,47  ,0.603879988193512
1510684852.9848447,49  ,0.5733047723770142
1510684854.7872262,50  ,0.5597079992294312
1510684860.250683 ,53  ,0.524398922920227
1510684862.0821352,54  ,0.514142632484436
1510684863.881757 ,55  ,0.5045108199119568
1510684865.6905231,56  ,0.49544861912727356
1510684867.5299563,57  ,0.48691490292549133
1510684873.0500834,60  ,0.4640563130378723
1510684874.8883395,61  ,0.45722275972366333
1510684878.5538893,63  ,0.44457149505615234
1510684882.2330487,65  ,0.4331093728542328
1510684884.0734043,66  ,0.42777130007743835
1510684885.918582 ,67  ,0.4226674735546112
1510684887.7666237,68  ,0.41777777671813965
1510684893.1909943,71  ,0.4042542576789856
1510684895.0247757,72  ,0.40009528398513794
1510684896.854011 ,73  ,0.39608854055404663
1510684898.66492  ,74  ,0.39222750067710876
1510684902.3345714,76  ,0.38491326570510864
1510684907.8755727,79  ,0.37482303380966187
1510684917.0932865,84  ,0.3600371181964874
1510684918.944833 ,85  ,0.35736382007598877
1510684920.7880414,86  ,0.3547889292240143
1510684922.6239107,87  ,0.35230088233947754
1510684924.457708 ,88  ,0.34989112615585327
1510684926.2977407,89  ,0.34754884243011475
1510684935.5033057,94  ,0.3367798626422882
1510684950.0278394,102 ,0.3219852149486542
1510684955.4197173,105 ,0.31704702973365784
1510684957.2208352,106 ,0.315463662147522
1510684970.0340018,113 ,0.30513763427734375
1510684975.5667922,116 ,0.30106881260871887
1510684979.2048256,118 ,0.2984718680381775
1510684981.0387692,119 ,0.29720374941825867
1510684982.881004 ,120 ,0.29595550894737244
1510684990.256292 ,124 ,0.291166216135025
1510684992.0902636,125 ,0.29001402854919434
1510684993.9222972,126 ,0.2888796329498291
1510684999.440882 ,129 ,0.2855784296989441
1510685001.2759216,130 ,0.28450658917427063
1510685006.8083603,133 ,0.28138819336891174
1510685014.1333368,137 ,0.27745065093040466
1510685017.7364972,139 ,0.2755562365055084
1510685021.3409078,141 ,0.27370381355285645
1510685023.1410434,142 ,0.2727963924407959
1510685024.9442148,143 ,0.27190160751342773
1510685026.7899287,144 ,0.2710134983062744
1510685034.0284321,148 ,0.2675732374191284
1510685037.6716752,150 ,0.26591119170188904
1510685043.0853589,153 ,0.26349037885665894
1510685044.903534 ,154 ,0.2626994550228119
1510685046.7202759,155 ,0.26191744208335876
1510685050.3959308,157 ,0.2603701949119568
1510685052.2374516,158 ,0.25960734486579895
1510685054.0845115,159 ,0.2588537633419037
1510685059.60407  ,162 ,0.2566279172897339
1510685063.2772338,164 ,0.2551749646663666
1510685065.1178982,165 ,0.254457950592041
1510685068.7508638,167 ,0.2530479431152344
1510685070.5506413,168 ,0.25235071778297424
1510685075.963162 ,171 ,0.250285267829895
1510685085.087495 ,176 ,0.2469424307346344
1510685086.9255881,177 ,0.2462863326072693
1510685088.764069 ,178 ,0.24563872814178467
1510685092.442531 ,180 ,0.24435463547706604
1510685094.2717054,181 ,0.2437180131673813
1510685097.8821044,183 ,0.24245859682559967
1510685101.5534115,185 ,0.24121621251106262
1510685103.3959181,186 ,0.24060273170471191
1510685105.2397985,187 ,0.2399945855140686
1510685107.0809615,188 ,0.23939009010791779
1510685110.7408044,190 ,0.23819318413734436
1510685112.548088 ,191 ,0.23760178685188293
1510685125.2361388,198 ,0.23354187607765198
1510685132.502793 ,202 ,0.23128728568553925
1510685139.864269 ,206 ,0.22909171879291534
1510685141.6835234,207 ,0.22855307161808014
1510685143.4929364,208 ,0.2280154973268509
1510685150.7046244,212 ,0.22588452696800232
1510685156.1293974,215 ,0.2243165522813797
1510685161.6469412,218 ,0.22277942299842834
1510685163.489252 ,219 ,0.22227443754673004
1510685168.9682274,222 ,0.22077704966068268
1510685170.8089044,223 ,0.22028203308582306
1510685174.4853983,225 ,0.21930049359798431
1510685176.324395 ,226 ,0.2188103199005127
1510685178.1664057,227 ,0.21832382678985596
1510685181.8509731,229 ,0.21735888719558716
1510685183.6969595,230 ,0.21688097715377808
1510685187.451343 ,232 ,0.21593032777309418
1510685189.3168259,233 ,0.21545757353305817
1510685191.1400604,234 ,0.2149893045425415
1510685196.52291  ,237 ,0.21358710527420044
1510685202.0027676,240 ,0.21219870448112488
1510685211.2049544,245 ,0.20993734896183014
1510685214.8831103,247 ,0.20904430747032166
1510685218.5599482,249 ,0.20815786719322205
1510685220.39276  ,250 ,0.20771747827529907
1510685229.6034777,255 ,0.20553803443908691
1510685235.1323695,258 ,0.20426034927368164
1510685236.9670367,259 ,0.20383508503437042
1510685238.7992   ,260 ,0.20341257750988007
1510685240.6378415,261 ,0.20299352705478668
1510685244.236833 ,263 ,0.20215678215026855
1510685251.4138355,267 ,0.2004990428686142
1510685255.0153737,269 ,0.1996764987707138
1510685258.694199 ,271 ,0.19886009395122528
1510685262.3897786,273 ,0.1980542689561844
1510685271.601901 ,278 ,0.19605770707130432
1510685275.2779608,280 ,0.19527114927768707
1510685282.6380382,284 ,0.19370704889297485
1510685291.8221653,289 ,0.19178903102874756
1510685295.4957879,291 ,0.19103136658668518
1510685297.3430548,292 ,0.19065511226654053
1510685302.8648734,295 ,0.18953444063663483
1510685306.5414739,297 ,0.18879222869873047
1510685308.375853 ,298 ,0.1884254366159439
1510685310.2243001,299 ,0.18806317448616028
1510685313.9033728,301 ,0.187339648604393
1510685315.745277 ,302 ,0.1869790256023407
1510685317.5815685,303 ,0.18661916255950928
1510685324.9410958,307 ,0.18519072234630585
1510685326.7937617,308 ,0.1848357617855072
1510685330.4765835,310 ,0.18412244319915771
1510685335.9986994,313 ,0.18306192755699158
1510685343.3646328,317 ,0.18166548013687134
1510685345.199911 ,318 ,0.18131887912750244
1510685347.0410092,319 ,0.18097184598445892
1510685348.875776 ,320 ,0.18062642216682434
1510685352.5634828,322 ,0.17993555963039398
1510685358.0887   ,325 ,0.1789138913154602
1510685359.9332674,326 ,0.17857609689235687
1510685361.772814 ,327 ,0.17824207246303558
1510685367.2875633,330 ,0.17723822593688965
1510685369.1215146,331 ,0.17690549790859222
1510685372.8085384,333 ,0.1762455850839615
1510685383.780857 ,339 ,0.17428869009017944
1510685387.3781185,341 ,0.1736486703157425
1510685392.7879925,344 ,0.17269575595855713
1510685394.602852 ,345 ,0.17238162457942963
1510685398.2173026,347 ,0.1717558056116104
1510685400.020865 ,348 ,0.17144401371479034
1510685409.0451736,353 ,0.16991184651851654
1510685410.8626826,354 ,0.1696101874113083
1510685414.481941 ,356 ,0.1690065860748291
1510685418.1410007,358 ,0.16840620338916779
1510685419.9847593,359 ,0.16810809075832367
1510685421.8303025,360 ,0.16781021654605865
1510685427.335191 ,363 ,0.16692063212394714
1510685429.1744034,364 ,0.1666242480278015
1510685434.6860073,367 ,0.16573640704154968
1510685436.5247521,368 ,0.16544465720653534
1510685440.183997 ,370 ,0.16486337780952454
1510685441.9839232,371 ,0.164574533700943
1510685445.5908816,373 ,0.16399997472763062
1510685452.824023 ,377 ,0.1628635674715042
1510685454.6255202,378 ,0.16258101165294647
1510685456.4354146,379 ,0.1622990518808365
1510685460.079344 ,381 ,0.16173908114433289
1510685461.9086115,382 ,0.1614588350057602
1510685467.4057038,385 ,0.1606266349554062
1510685469.2021992,386 ,0.16034826636314392
1510685471.031697 ,387 ,0.16007044911384583
1510685472.8690772,388 ,0.15979479253292084
1510685476.495293 ,390 ,0.1592492163181305
1510685478.3382897,391 ,0.1589779108762741
1510685480.1912768,392 ,0.15871073305606842
1510685482.029925 ,393 ,0.1584407538175583
1510685498.3960476,402 ,0.15603755414485931
1510685500.2066767,403 ,0.1557777225971222
1510685503.8070037,405 ,0.15526102483272552
1510685509.2214932,408 ,0.15448832511901855
1510685521.8883743,415 ,0.15271149575710297
1510685523.6947641,416 ,0.15245795249938965
1510685530.9470456,420 ,0.15145951509475708
1510685532.7437081,421 ,0.15121135115623474
1510685534.532985 ,422 ,0.1509638875722885
1510685538.179885 ,424 ,0.15047338604927063
1510685541.8498027,426 ,0.14998869597911835
1510685549.1314328,430 ,0.1490207314491272
1510685565.2998812,439 ,0.1468898504972458
1510685567.1433988,440 ,0.14665678143501282
1510685568.9348664,441 ,0.14642499387264252
1510685570.7299283,442 ,0.146195188164711
1510685574.316755 ,444 ,0.14573267102241516
1510685576.1233594,445 ,0.14550402760505676
1510685581.523211 ,448 ,0.14481966197490692
1510685587.0460408,451 ,0.14414191246032715
1510685599.7903624,458 ,0.14258812367916107
1510685601.6058874,459 ,0.14236980676651
1510685603.4342122,460 ,0.14215309917926788
1510685605.2397287,461 ,0.1419352889060974
1510685608.8421373,463 ,0.14150495827198029
1510685610.6511023,464 ,0.1412901133298874
1510685612.444365 ,465 ,0.14107675850391388
1510685616.093396 ,467 ,0.1406514048576355
1510685617.9337976,468 ,0.14044050872325897
1510685619.787659 ,469 ,0.14022912085056305
1510685623.385068 ,471 ,0.1398090124130249
1510685626.9912987,473 ,0.13939034938812256
1510685628.8005903,474 ,0.1391834020614624
1510685636.1183805,478 ,0.1383579820394516
1510685648.9754167,485 ,0.13693009316921234
1510685654.491754 ,488 ,0.13632912933826447
1510685656.3349104,489 ,0.1361309140920639
1510685660.0032282,491 ,0.1357383280992508
1510685663.68692  ,493 ,0.13534671068191528
1510685669.114043 ,496 ,0.13476397097110748
1510685689.3100014,507 ,0.13268986344337463
1510685694.8043134,510 ,0.1321364790201187
1510685696.6067874,511 ,0.1319526880979538
1510685698.407473 ,512 ,0.13176994025707245
1510685702.0193644,514 ,0.1314081847667694
1510685705.6738853,516 ,0.1310437172651291
1510685707.5203109,517 ,0.13086311519145966
1510685711.159945 ,519 ,0.1305057406425476
1510685720.3145492,524 ,0.12962162494659424
1510685722.1631045,525 ,0.12944631278514862
1510685733.0654635,531 ,0.12841813266277313
1510685736.7426775,533 ,0.12807656824588776
1510685738.588003 ,534 ,0.1279079169034958
1510685740.4233997,535 ,0.12773990631103516
1510685742.272311 ,536 ,0.12757164239883423
1510685744.124669 ,537 ,0.12740740180015564
1510685745.963266 ,538 ,0.1272403746843338
1510685747.8015213,539 ,0.12707409262657166
1510685749.640193 ,540 ,0.12690629065036774
1510685751.473879 ,541 ,0.12673945724964142
1510685753.3163445,542 ,0.126576229929924
1510685757.0058475,544 ,0.12625080347061157
1510685762.5215929,547 ,0.12576499581336975
1510685764.3553815,548 ,0.12560224533081055
1510685766.1977012,549 ,0.12544016540050507
1510685769.8649702,551 ,0.1251194030046463
1510685777.2084513,555 ,0.12448730319738388
1510685780.8934722,557 ,0.12417678534984589
1510685784.567334 ,559 ,0.12387138605117798
1510685791.938051 ,563 ,0.12325849384069443
1510685793.743862 ,564 ,0.1231076568365097
1510685795.5542812,565 ,0.1229565441608429
1510685799.2125025,567 ,0.12265367060899734
1510685802.886451 ,569 ,0.12235366553068161
1510685806.564294 ,571 ,0.12205535918474197
1510685810.2494483,573 ,0.1217631921172142
1510685812.0835261,574 ,0.12161596864461899
1510685817.6000915,577 ,0.1211761087179184
1510685821.2843645,579 ,0.12088647484779358
1510685823.1317086,580 ,0.12073928117752075
1510685824.973027 ,581 ,0.12059836089611053
1510685826.8157141,582 ,0.12045500427484512
1510685828.648627 ,583 ,0.12031099945306778
1510685830.4977703,584 ,0.12016990035772324
1510685834.1674788,586 ,0.11988841742277145
1510685836.005788 ,587 ,0.11974932998418808
1510685845.0800655,592 ,0.11905702203512192
1510685846.8921459,593 ,0.11891987174749374
1510685850.5074463,595 ,0.11864611506462097
1510685852.3142297,596 ,0.11850927770137787
1510685854.1074686,597 ,0.11837507039308548
1510685859.5353932,600 ,0.11796984821557999
1510685863.159283 ,602 ,0.11770500242710114
1510685866.8389153,604 ,0.1174396276473999
1510685870.5357046,606 ,0.11717639118432999
1510685874.1866312,608 ,0.11691538244485855
1510685877.7927024,610 ,0.1166568249464035
1510685879.6101084,611 ,0.11652874946594238
1510685881.4212437,612 ,0.11640159040689468
1510685886.913795 ,615 ,0.11602647602558136
1510685894.2546275,619 ,0.11552225053310394
1510685896.0886624,620 ,0.1153988167643547
1510685899.764967 ,622 ,0.11515051126480103
1510685901.6159196,623 ,0.1150270476937294
1510685905.291717 ,625 ,0.11477795243263245
1510685912.6634996,629 ,0.11427974700927734
1510685921.870091 ,634 ,0.11367316544055939
1510685934.6556404,641 ,0.11283537745475769
1510685936.4787018,642 ,0.11271774768829346
1510685940.1195052,644 ,0.11248321831226349
1510685941.9258993,645 ,0.112366683781147
1510685943.7786   ,646 ,0.11225126683712006
1510685945.6114492,647 ,0.11213552206754684
1510685947.4546714,648 ,0.11201970279216766
1510685949.2639954,649 ,0.111904576420784
1510685952.878473 ,651 ,0.11167517304420471
1510685954.6897943,652 ,0.11156326532363892
1510685961.9234579,656 ,0.11111237853765488
1510685963.7266958,657 ,0.11100178211927414
1510685967.3321006,659 ,0.1107780784368515
1510685970.949076 ,661 ,0.1105567142367363
1510685976.4635234,664 ,0.11022698879241943
1510685980.181043 ,666 ,0.11001189053058624
1510685982.0191903,667 ,0.10990402847528458
1510685983.8721626,668 ,0.1097986102104187
1510685989.399599 ,671 ,0.10947701334953308
1510685991.2472632,672 ,0.10936880111694336
1510685993.0971751,673 ,0.10926266759634018
1510685994.939247 ,674 ,0.10915490984916687
1510685996.7393553,675 ,0.10904770344495773
1510686000.3780031,677 ,0.10883551090955734
1510686002.224186 ,678 ,0.10873042047023773
1510686004.0206013,679 ,0.10862512141466141
1510686007.6637228,681 ,0.10841677337884903
1510686009.5030353,682 ,0.10831358283758163
1510686011.3432457,683 ,0.10821204632520676
1510686013.1601481,684 ,0.10810685902833939
1510686014.9733744,685 ,0.10800222307443619
1510686016.7785935,686 ,0.10789889097213745
1510686020.3828807,688 ,0.10769408941268921
1510686022.1703155,689 ,0.10759278386831284
1510686027.5777833,692 ,0.10729040205478668
1510686034.750797 ,696 ,0.106888547539711
1510686040.2541814,699 ,0.10659686475992203
1510686042.0927768,700 ,0.10649804770946503
1510686043.9309473,701 ,0.10640090703964233
1510686047.6138372,703 ,0.10620556771755219
1510686049.4480138,704 ,0.10610432177782059
1510686051.2854648,705 ,0.10600871592760086
1510686053.0846553,706 ,0.10591228306293488
1510686056.6717238,708 ,0.10571916401386261
1510686058.4643066,709 ,0.1056230440735817
1510686060.2503874,710 ,0.10552609711885452
1510686067.43905  ,714 ,0.10514519363641739
1510686074.6179152,718 ,0.10476575046777725
1510686076.4216783,719 ,0.10467248409986496
1510686080.0219347,721 ,0.10448423027992249
1510686081.8093576,722 ,0.10439350455999374
1510686083.6178   ,723 ,0.1042998656630516
1510686085.4056785,724 ,0.10420678555965424
1510686087.2017465,725 ,0.10411788523197174
1510686088.995721 ,726 ,0.1040264144539833
1510686094.3745117,729 ,0.10375406593084335
1510686096.1658397,730 ,0.10366474837064743
1510686106.922963 ,736 ,0.10312587767839432
1510686110.5101218,738 ,0.10294921696186066
1510686112.2970817,739 ,0.10286092758178711
1510686114.0864847,740 ,0.10277429223060608
1510686115.8944654,741 ,0.10268744826316833
1510686119.5663943,743 ,0.10251479595899582
1510686125.0899804,746 ,0.10225679725408554
1510686126.9286785,747 ,0.10217377543449402
1510686132.3868995,750 ,0.10191670060157776
1510686134.2050698,751 ,0.10183347016572952
1510686136.017705 ,752 ,0.10174626111984253
1510686139.6400943,754 ,0.10158007591962814
1510686143.2645433,756 ,0.1014118641614914
1510686148.7248147,759 ,0.10116008669137955
1510686150.56396  ,760 ,0.10107608884572983
1510686154.2502525,762 ,0.10090833902359009
1510686159.7629237,765 ,0.10066290944814682
1510686161.6084123,766 ,0.10057945549488068
1510686163.4202254,767 ,0.10049794614315033
1510686167.1041234,769 ,0.10033711791038513
1510686168.9455664,770 ,0.10025696456432343
1510686170.7932336,771 ,0.10017731040716171
1510686174.4817612,773 ,0.10001417994499207
1510686176.317134 ,774 ,0.09993200749158859
1510686178.1187236,775 ,0.09985049068927765
1510686187.312772 ,780 ,0.09945529699325562
1510686194.6865544,784 ,0.09914349764585495
1510686196.5326612,785 ,0.0990675687789917
1510686200.2014902,787 ,0.0989154651761055
1510686203.889745 ,789 ,0.0987631231546402
1510686207.4830368,791 ,0.09861176460981369
1510686209.2919993,792 ,0.09853681921958923
1510686211.1097813,793 ,0.09846131503582001
1510686212.9158838,794 ,0.09838753193616867
1510686214.7198877,795 ,0.09831291437149048
1510686216.5278475,796 ,0.09823819249868393
1510686220.1383836,798 ,0.09808856248855591
1510686223.7423472,800 ,0.09794212877750397
1510686227.3588665,802 ,0.09779471158981323
1510686232.7635884,805 ,0.09757041186094284
1510686236.3837044,807 ,0.09742117673158646
1510686238.1912353,808 ,0.09734723716974258
1510686240.0077007,809 ,0.09727293998003006
1510686247.233976 ,813 ,0.09698306024074554
1510686250.8419776,815 ,0.09683931618928909
1510686252.667006 ,816 ,0.0967685654759407
1510686256.289623 ,818 ,0.09662475436925888
1510686261.7244844,821 ,0.09641369432210922
1510686265.3560896,823 ,0.09627571702003479
1510686267.1684804,824 ,0.09620595723390579
1510686268.9775634,825 ,0.0961374044418335
1510686274.3976388,828 ,0.09593264013528824
1510686279.878435 ,831 ,0.09572876989841461
1510686281.6839738,832 ,0.09566070884466171
1510686285.2819626,834 ,0.09552591294050217
1510686288.8898485,836 ,0.09538905322551727
1510686292.5056274,838 ,0.09525522589683533
1510686301.543544 ,843 ,0.09492123126983643
1510686305.159919 ,845 ,0.09478829801082611
1510686306.9719465,846 ,0.09472159296274185
1510686308.7907777,847 ,0.09465561807155609
1510686310.5974798,848 ,0.09458764642477036
1510686316.0123925,851 ,0.0943920761346817
1510686326.885675 ,857 ,0.09400221705436707
1510686330.4962165,859 ,0.09387283772230148
1510686332.2985663,860 ,0.0938066616654396
1510686334.102223 ,861 ,0.09374377131462097
1510686335.9089224,862 ,0.09367890655994415
1510686337.7164023,863 ,0.09361582249403
1510686344.9515145,867 ,0.09336380660533905
1510686348.571973 ,869 ,0.09324001520872116
1510686350.3748596,870 ,0.09317643940448761
1510686355.7765486,873 ,0.09298895299434662
1510686357.5794125,874 ,0.09292721003293991
1510686359.3905416,875 ,0.09286495298147202
1510686361.2197125,876 ,0.09280399978160858
1510686363.0369503,877 ,0.09274249523878098
1510686366.651477 ,879 ,0.09262276440858841
1510686368.4513867,880 ,0.09256165474653244
1510686370.2717235,881 ,0.09250111877918243
1510686372.090722 ,882 ,0.09244003891944885
1510686375.6885545,884 ,0.09232185035943985
1510686381.125766 ,887 ,0.09214584529399872
1510686384.7557342,889 ,0.0920264795422554
1510686386.5753882,890 ,0.0919681191444397
1510686390.2586155,892 ,0.09185130894184113
1510686392.094074 ,893 ,0.0917925015091896
1510686397.6053135,896 ,0.09161858260631561
1510686399.444214 ,897 ,0.09156066924333572
1510686403.0592449,899 ,0.09144587069749832
1510686404.8707354,900 ,0.09138783812522888
1510686417.5235717,907 ,0.09099209308624268
1510686419.3289135,908 ,0.09093639999628067
1510686421.1626728,909 ,0.0908815860748291
1510686423.001757 ,910 ,0.09082569181919098
1510686424.8401544,911 ,0.09077218919992447
1510686426.6818016,912 ,0.09071829915046692
1510686428.5252004,913 ,0.0906614288687706
1510686432.2194686,915 ,0.09054896235466003
1510686434.0598745,916 ,0.0904950425028801
1510686435.8973246,917 ,0.09043791145086288
1510686441.3625634,920 ,0.0902755931019783
1510686443.1737144,921 ,0.09021852910518646
1510686444.9852674,922 ,0.09016525000333786
1510686446.7892308,923 ,0.09011069685220718
1510686450.4133987,925 ,0.09000197798013687
1510686461.250787 ,931 ,0.0896826982498169
1510686463.059098 ,932 ,0.08962982147932053
1510686464.858232 ,933 ,0.08957777172327042
1510686468.518062 ,935 ,0.08947274833917618
1510686475.7755084,939 ,0.08926369994878769
1510686481.1940374,942 ,0.08910355716943741
1510686486.6367507,945 ,0.08894376456737518
1510686493.9477332,949 ,0.08873378485441208
1510686499.371303 ,952 ,0.08857853710651398
1510686501.1697016,953 ,0.08852691203355789
1510686502.9743626,954 ,0.08847595006227493
1510686506.5903854,956 ,0.08837365359067917
1510686508.392402 ,957 ,0.0883224755525589
1510686510.193783 ,958 ,0.0882735326886177
1510686515.6321049,961 ,0.08812546730041504
1510686517.4300787,962 ,0.08807658404111862
1510686521.0279598,964 ,0.08797797560691833
1510686524.6528804,966 ,0.08788129687309265
1510686526.4725425,967 ,0.08783257007598877
1510686530.149153 ,969 ,0.08773625642061234
1510686533.8345141,971 ,0.08763933181762695
1510686535.677237 ,972 ,0.0875919833779335
1510686539.3597162,974 ,0.08749676495790482
1510686543.0434496,976 ,0.08740199357271194
1510686544.859816 ,977 ,0.08735202997922897
1510686546.6581876,978 ,0.08730487525463104
1510686548.455985 ,979 ,0.08725938946008682
1510686553.881486 ,982 ,0.08711663633584976
1510686555.6813445,983 ,0.08706892281770706
1510686557.5088673,984 ,0.08702004700899124
1510686563.0526114,987 ,0.08687486499547958
1510686564.9017072,988 ,0.08682876080274582
1510686579.5260644,996 ,0.08645777404308319
1510686584.92915  ,999 ,0.08632268011569977
1510686586.725246 ,1000,0.08627774566411972
1510686590.3228047,1002,0.08618782460689545
1510686593.9205317,1004,0.08610010892152786
1510686595.7316904,1005,0.08605601638555527
1510686601.1428304,1008,0.08592330664396286
1510686602.9571967,1009,0.08587925881147385
1510686606.5629356,1011,0.08578985184431076
1510686608.3733826,1012,0.08574387431144714
1510686610.1786926,1013,0.08569775521755219
1510686611.987028 ,1014,0.08565413951873779
1510686617.3886065,1017,0.08552142977714539
1510686631.909362 ,1025,0.08517508208751678
1510686633.709134 ,1026,0.08513130992650986
1510686635.5117145,1027,0.0850871205329895
1510686639.1320832,1029,0.08500243723392487
1510686642.756827 ,1031,0.08491626381874084
1510686644.5938778,1032,0.08487223833799362
1510686646.4364588,1033,0.0848323404788971
1510686650.0490901,1035,0.08474572002887726
1510686653.665845 ,1037,0.08466104418039322
1510686655.4970791,1038,0.08461693674325943
1510686657.3417013,1039,0.08457563817501068
1510686662.8548353,1042,0.08445091545581818
1510686664.6918387,1043,0.08440924435853958
1510686666.528267 ,1044,0.08436863124370575
1510686675.7485614,1049,0.08416450768709183
1510686679.4207306,1051,0.08407964557409286
1510686681.2542398,1052,0.0840398520231247
1510686684.935255 ,1054,0.08395635336637497
1510686686.7734776,1055,0.08391549438238144
1510686690.467373 ,1057,0.08383423089981079
1510686701.4802136,1063,0.0835907980799675
1510686703.324311 ,1064,0.08354976773262024
1510686706.9982393,1066,0.08347104489803314
1510686710.6819198,1068,0.0833897590637207
1510686718.0379057,1072,0.08322562277317047
1510686721.732858 ,1074,0.08314353227615356
1510686725.3887267,1076,0.08306532353162766
1510686729.0189497,1078,0.08298391103744507
1510686732.6851976,1080,0.08290472626686096
1510686736.2812674,1082,0.08282533288002014
1510686738.119347 ,1083,0.08278685063123703
1510686739.9540837,1084,0.08274699747562408
1510686741.7869015,1085,0.08270859718322754
1510686743.626333 ,1086,0.08266911655664444
1510686750.9757254,1090,0.08251519501209259
1510686754.6657887,1092,0.08243750035762787
1510686756.517614 ,1093,0.08239947259426117
1510686767.5301135,1099,0.08216957747936249
1510686771.1976995,1101,0.08209553360939026
1510686774.8607225,1103,0.0820227637887001
1510686776.6656518,1104,0.08198747783899307
1510686778.474646 ,1105,0.08195050805807114
1510686789.306143 ,1111,0.08173087239265442
1510686794.744459 ,1114,0.0816192626953125
1510686798.3556745,1116,0.0815458744764328
1510686803.7724   ,1119,0.08143145591020584
1510686809.2136774,1122,0.08132171630859375
1510686811.0504909,1123,0.0812847763299942
1510686814.7293725,1125,0.08121100813150406
1510686816.547939 ,1126,0.08117568492889404
1510686818.3635187,1127,0.08113878220319748
1510686820.1734114,1128,0.08110275864601135
1510686823.8192482,1130,0.08103177696466446
1510686825.6256025,1131,0.08099604398012161
1510686829.222737 ,1133,0.0809236541390419
1510686831.0177746,1134,0.08088986575603485
1510686832.8257372,1135,0.08085264265537262
1510686838.2732701,1138,0.08074717968702316
1510686840.0891697,1139,0.08071338385343552
1510686843.689397 ,1141,0.08064234256744385
1510686858.2473195,1149,0.08036115765571594
1510686860.0826867,1150,0.08032573759555817
1510686861.9318752,1151,0.08029105514287949
1510686863.7758133,1152,0.08025792241096497
1510686869.1897242,1155,0.08015190809965134
1510686870.9938276,1156,0.08011791110038757
1510686872.7967622,1157,0.0800839439034462
1510686878.22438  ,1160,0.07998213917016983
1510686880.0179992,1161,0.07994687557220459
1510686881.8169863,1162,0.07991545647382736
1510686887.2870142,1165,0.07981511205434799
1510686909.0619931,1177,0.07942099869251251
1510686914.5819452,1180,0.07932408154010773
1510686918.2512715,1182,0.07925915718078613
1510686920.0928087,1183,0.07922529429197311
1510686923.7652385,1185,0.07915722578763962
1510686925.6051345,1186,0.07912567257881165
1510686931.1185296,1189,0.07902471721172333
1510686936.6356041,1192,0.07892853021621704
1510686938.4691257,1193,0.07889638841152191
1510686940.3046463,1194,0.07886170595884323
1510686942.137763 ,1195,0.07883172482252121
1510686943.9323406,1196,0.07879822701215744
1510686945.773827 ,1197,0.07876597344875336
1510686947.6048915,1198,0.07873387634754181
1510686949.4368656,1199,0.07870122045278549
1510686953.1180549,1201,0.07863463461399078
1510686956.7988715,1203,0.07856914401054382
1510686958.6321583,1204,0.07853542268276215
1510686962.3102129,1206,0.07846983522176743
1510686965.9933956,1208,0.07840654253959656
1510686969.671885 ,1210,0.07834653556346893
1510686971.510579 ,1211,0.07831420004367828
1510686973.350417 ,1212,0.07828322052955627
1510686975.1889787,1213,0.07825232297182083
1510686977.0259163,1214,0.0782180055975914
1510686978.859878 ,1215,0.07818949967622757
1510686986.2384462,1219,0.07806188613176346
1510686995.3127093,1224,0.07790315896272659
1510686997.112184 ,1225,0.07786913961172104
1510687000.7268841,1227,0.07780452817678452
1510687002.532883 ,1228,0.0777740553021431
1510687009.7629967,1232,0.07764948904514313
1510687011.5679882,1233,0.07762029767036438
1510687013.3702488,1234,0.07758883386850357
1510687017.010325 ,1236,0.07752718776464462
1510687022.4472156,1239,0.07743502408266068
1510687027.886172 ,1242,0.07734352350234985
1510687031.5022047,1244,0.07728692889213562
1510687035.1186535,1246,0.07722572982311249
1510687036.9275134,1247,0.07719588279724121
1510687040.5474217,1249,0.07713554799556732
1510687042.386808 ,1250,0.07710488885641098
1510687047.8720112,1253,0.07701176404953003
1510687049.7080338,1254,0.07698506116867065
1510687051.5303843,1255,0.07695383578538895
1510687055.1454167,1257,0.0768929198384285
1510687056.9446373,1258,0.0768619179725647
1510687058.7951477,1259,0.07683054357767105
1510687062.4735548,1261,0.07677126675844193
1510687064.3175726,1262,0.07674170285463333
1510687066.1579468,1263,0.07671192288398743
1510687067.9993303,1264,0.07668206095695496
1510687069.836205 ,1265,0.07665319740772247
1510687071.668657 ,1266,0.07661988586187363
1510687080.8573625,1271,0.07647255808115005
1510687082.696268 ,1272,0.07644426077604294
1510687086.3672743,1274,0.07638581842184067
1510687093.7342207,1278,0.07627099007368088
1510687095.570813 ,1279,0.07624717056751251
1510687099.242024 ,1281,0.07618694752454758
1510687106.602169 ,1285,0.07607293128967285
1510687110.2857375,1287,0.07601401209831238
1510687113.9453402,1289,0.0759568139910698
1510687117.6120622,1291,0.075900137424469
1510687119.4596686,1292,0.0758713111281395
1510687121.2925658,1293,0.07584068924188614
1510687123.1175957,1294,0.07581211626529694
1510687126.6930726,1296,0.07575487345457077
1510687132.0489771,1299,0.07567118108272552
1510687133.8329947,1300,0.07564347982406616
1510687137.405102 ,1302,0.07558788359165192
1510687139.194473 ,1303,0.07556025683879852
1510687140.984828 ,1304,0.07552970945835114
1510687144.5781918,1306,0.07547368109226227
1510687151.9206529,1310,0.07536208629608154
1510687155.5898511,1312,0.07530589401721954
1510687157.389607 ,1313,0.07527894526720047
1510687160.9851904,1315,0.07522343844175339
1510687162.7889361,1316,0.07519602030515671
1510687168.1607184,1319,0.07511336356401443
1510687169.9458823,1320,0.07509122043848038
1510687179.055182 ,1325,0.07495742291212082
1510687180.8962786,1326,0.07493112981319427
1510687182.7313972,1327,0.07490439713001251
1510687184.5655255,1328,0.07487901300191879
1510687188.244952 ,1330,0.07482761889696121
1510687191.9224856,1332,0.0747748389840126
1510687193.7599099,1333,0.07474879175424576
1510687195.604307 ,1334,0.07472487539052963
1510687197.4413276,1335,0.0746983140707016
1510687199.277079 ,1336,0.07467303425073624
1510687201.115198 ,1337,0.07464469224214554
1510687206.6261008,1340,0.0745670422911644
1510687212.1224806,1343,0.0744880884885788
1510687215.7934551,1345,0.07443414628505707
1510687219.4686239,1347,0.07438505440950394
1510687221.2947204,1348,0.07435929775238037
1510687223.1276987,1349,0.07433293014764786
1510687224.9674602,1350,0.07431071996688843
1510687226.8008015,1351,0.07428121566772461
1510687234.0149167,1355,0.07417991757392883
1510687241.2297394,1359,0.07407856732606888
1510687244.8958333,1361,0.07402780652046204
1510687246.7341483,1362,0.07400200515985489
1510687252.2389936,1365,0.07392653822898865
1510687254.0749176,1366,0.07390212267637253
1510687255.9144883,1367,0.07387803494930267
1510687261.4318857,1370,0.07380437850952148
1510687266.8842742,1373,0.07373026013374329
1510687268.666657 ,1374,0.07370651513338089
1510687270.4464707,1375,0.07368108630180359
1510687274.0223799,1377,0.07363371551036835
1510687275.8118522,1378,0.07360944151878357
1510687277.6390135,1379,0.07358221709728241
1510687283.1539283,1382,0.07351012527942657
1510687286.8252525,1384,0.07346145808696747
1510687288.6459074,1385,0.07343573123216629
1510687290.4936287,1386,0.07341406494379044
1510687292.3543308,1387,0.07338963449001312
1510687294.1707609,1388,0.07336486130952835
1510687296.034271 ,1389,0.07334243506193161
1510687299.7061062,1391,0.0732957124710083
1510687301.5294728,1392,0.07327228784561157
1510687307.275527 ,1395,0.07320278882980347
1510687316.6175437,1400,0.07308606058359146
1510687338.6974099,1412,0.07280917465686798
1510687340.5252788,1413,0.07278624176979065
1510687342.3116617,1414,0.07276294380426407
1510687344.135705 ,1415,0.07273977994918823
1510687351.3196185,1419,0.07265282422304153
1510687356.7050369,1422,0.07258493453264236
1510687358.4901419,1423,0.07256428152322769
1510687362.138923 ,1425,0.07251617312431335
1510687363.9716418,1426,0.07249479740858078
1510687365.824147 ,1427,0.07247196137905121
1510687367.6728866,1428,0.07244999706745148
1510687371.328153 ,1430,0.07240746170282364
1510687375.005547 ,1432,0.07236037403345108
1510687376.8317022,1433,0.07233935594558716
1510687378.6808178,1434,0.07231490314006805
1510687382.3378007,1436,0.07227428257465363
1510687384.1716135,1437,0.07225161790847778
1510687385.9992168,1438,0.07223006337881088
1510687389.664077 ,1440,0.07218638062477112
1510687393.264651 ,1442,0.07214457541704178
1510687404.0744662,1448,0.07201258838176727
1510687407.658927 ,1450,0.07196854054927826
1510687416.5948968,1455,0.07186192274093628
1510687418.3912883,1456,0.07183939218521118
1510687425.5740397,1460,0.07175902277231216
1510687434.5429454,1465,0.0716572031378746
1510687436.3447928,1466,0.07163488864898682
1510687443.5405922,1470,0.07155381888151169
1510687450.7070925,1474,0.07147419452667236
1510687456.2124195,1477,0.07141408324241638
1510687461.7043378,1480,0.07135338336229324
1510687463.5340247,1481,0.07133480161428452
1510687465.3650465,1482,0.07131107896566391
1510687470.827466 ,1485,0.0712539553642273
1510687472.618887 ,1486,0.07123150676488876
1510687477.978035 ,1489,0.07117338478565216
1510687481.547359 ,1491,0.0711335688829422
1510687483.3342028,1492,0.07111263275146484
1510687485.1244009,1493,0.07109283655881882
1510687498.0645883,1500,0.07095115631818771
1510687499.9501095,1501,0.07093138247728348
1510687501.7846918,1502,0.07091368734836578
1510687503.6214695,1503,0.07089271396398544
1510687507.2787824,1505,0.07085472345352173
1510687509.111397 ,1506,0.07083355635404587
1510687510.9485312,1507,0.07081450521945953
1510687512.776001 ,1508,0.07079997658729553
1510687514.6140676,1509,0.0707770511507988
1510687516.4745665,1510,0.07075690478086472
1510687518.2844512,1511,0.07073880732059479
1510687520.071845 ,1512,0.07071834802627563
1510687521.8862891,1513,0.07069727778434753
1510687527.330529 ,1516,0.07064145058393478
1510687530.934318 ,1518,0.07060133665800095
1510687539.9401884,1523,0.07050736993551254
1510687541.737296 ,1524,0.07048819214105606
1510687543.5401666,1525,0.07046642154455185
1510687547.142532 ,1527,0.07042999565601349
1510687559.841691 ,1534,0.0703013613820076
1510687563.4591568,1536,0.0702628418803215
1510687572.4971063,1541,0.07017265260219574
1510687574.2968493,1542,0.07015308737754822
1510687581.5268302,1546,0.07008012384176254
1510687585.1184833,1548,0.07004091143608093
1510687586.9157   ,1549,0.07002504169940948
1510687590.5118525,1551,0.06999045610427856
1510687592.3019538,1552,0.06997199356555939
1510687595.9062855,1554,0.06993590295314789
1510687597.7384355,1555,0.06991762667894363
1510687608.729769 ,1561,0.06981025636196136
1510687610.5588121,1562,0.06979352235794067
1510687612.3913858,1563,0.06977684795856476
1510687621.4711523,1568,0.06968595087528229
1510687623.2619483,1569,0.06966587901115417
1510687639.4493158,1578,0.06950390338897705
1510687641.2824254,1579,0.06948491185903549
1510687646.7602415,1582,0.069431371986866
1510687648.564706 ,1583,0.06941255927085876
1510687650.3737204,1584,0.06939345598220825
1510687653.985998 ,1586,0.0693584457039833
1510687657.5924976,1588,0.0693197026848793
1510687661.185433 ,1590,0.06928477436304092
1510687666.5872617,1593,0.06922836601734161
1510687668.3953643,1594,0.0692133679986
1510687672.0443501,1596,0.0691755935549736
1510687673.8727376,1597,0.06915696710348129
1510687677.489912 ,1599,0.06912267208099365
1510687681.1223552,1601,0.0690874457359314
1510687682.963796 ,1602,0.06907076388597488
1510687686.646746 ,1604,0.06903489679098129
1510687688.4840767,1605,0.06902044266462326
1510687695.7189097,1609,0.06895039230585098
1510687697.52299  ,1610,0.0689307153224945
1510687701.150197 ,1612,0.06889750808477402
1510687702.98733  ,1613,0.06888110935688019
1510687704.827929 ,1614,0.0688626691699028
1510687706.662646 ,1615,0.0688490942120552
1510687710.3161728,1617,0.06881576031446457
1510687712.1138628,1618,0.06879763305187225
1510687713.9114497,1619,0.06878332793712616
1510687715.7163694,1620,0.06876535713672638
1510687722.8917413,1624,0.06870131939649582
1510687726.5092995,1626,0.06866911053657532
1510687728.3281682,1627,0.0686534196138382
1510687730.1698189,1628,0.06863810122013092
1510687733.8004835,1630,0.0686066746711731
1510687737.395836 ,1632,0.06857332587242126
1510687741.0279586,1634,0.06854031980037689
1510687744.6458468,1636,0.06850925087928772
1510687746.4413176,1637,0.06849479675292969
1510687748.2457771,1638,0.06847700476646423
1510687751.8532922,1640,0.06844635307788849
1510687753.6644795,1641,0.06843215227127075
1510687755.471958 ,1642,0.06841844320297241
1510687757.2805562,1643,0.06840072572231293
1510687759.0827715,1644,0.0683884248137474
1510687760.8979983,1645,0.06837092339992523
1510687764.5213091,1647,0.06834245473146439
1510687766.3330579,1648,0.06832773238420486
1510687771.7531304,1651,0.06827908009290695
1510687773.5638618,1652,0.068262979388237
1510687777.1856806,1654,0.06823023408651352
1510687778.9866323,1655,0.06821715831756592
1510687784.3887618,1658,0.06817100942134857
1510687786.1906493,1659,0.06815454363822937
1510687787.9926853,1660,0.06813965737819672
1510687789.8042498,1661,0.06812621653079987
1510687791.6069229,1662,0.06810951977968216
1510687795.2110512,1664,0.06808117032051086
1510687802.4128222,1668,0.06801744550466537
1510687806.0434675,1670,0.06799017637968063
1510687807.8393977,1671,0.06797515600919724
1510687809.6369822,1672,0.06795918941497803
1510687815.114548 ,1675,0.06791337579488754
1510687816.964461 ,1676,0.06789815425872803
1510687820.594494 ,1678,0.06786911934614182
1510687827.795426 ,1682,0.0678086057305336
1510687829.6048064,1683,0.06779453903436661
1510687831.4117632,1684,0.06778202205896378
1510687833.2224643,1685,0.06776456534862518
1510687836.8251176,1687,0.06773416697978973
1510687844.0365534,1691,0.06767656654119492
1510687845.843631 ,1692,0.06766251474618912
1510687849.4897091,1694,0.06763337552547455
1510687851.3176246,1695,0.0676206648349762
1510687853.1445222,1696,0.0676053836941719
1510687854.9831927,1697,0.06758928298950195
1510687858.6312778,1699,0.06756054610013962
1510687864.127843 ,1702,0.06751717627048492
1510687865.943196 ,1703,0.06750208884477615
1510687867.7526433,1704,0.06748849898576736
1510687869.5575287,1705,0.06747374683618546
1510687871.35917  ,1706,0.06745770573616028
1510687876.8205452,1709,0.06741390377283096
1510687878.6580234,1710,0.06740129739046097
1510687885.9816816,1714,0.06734533607959747
1510687887.8180299,1715,0.0673292875289917
1510687891.4804406,1717,0.0673021450638771
1510687893.3283055,1718,0.06728720664978027
1510687895.153586 ,1719,0.06727277487516403
1510687902.5099528,1723,0.06721706688404083
1510687907.9397728,1726,0.06717660278081894
1510687911.5291917,1728,0.06714758276939392
1510687916.900884 ,1731,0.06710423529148102
1510687918.6850145,1732,0.0670885369181633
1510687920.4668648,1733,0.06707517057657242
1510687922.2611663,1734,0.06706038862466812
1510687924.0550156,1735,0.06705044209957123
1510687927.6132731,1737,0.06701962649822235
1510687929.4012468,1738,0.06700803339481354
1510687931.224316 ,1739,0.06699155271053314
1510687936.734528 ,1742,0.06694907695055008
1510687938.5667255,1743,0.06693564355373383
1510687942.1557584,1745,0.06690815091133118
1510687943.942939 ,1746,0.06689342111349106
1510687945.7354727,1747,0.06688398867845535
1510687951.1192067,1750,0.0668429359793663
1510687954.692333 ,1752,0.06681770086288452
1510687956.4839842,1753,0.0668061152100563
1510687958.2667656,1754,0.06679154187440872
1510687960.0483549,1755,0.06677789241075516
1510687972.7490356,1762,0.06669392436742783
1510687974.5692186,1763,0.06668222695589066
1510687980.0402308,1766,0.0666491836309433
1510687989.121728 ,1771,0.0665915384888649
1510687996.3113563,1775,0.06654457747936249
1510687999.9769135,1777,0.06652259826660156
1510688003.6408973,1779,0.06649802625179291
1510688007.2884123,1781,0.06647462397813797
1510688009.1254199,1782,0.06646213680505753
1510688010.9621818,1783,0.0664505884051323
1510688012.791795 ,1784,0.06643867492675781
1510688020.1209319,1788,0.06638409942388535
1510688021.955121 ,1789,0.06637302041053772
1510688023.7852902,1790,0.06636025756597519
1510688027.4272668,1792,0.06633706390857697
1510688029.2062645,1793,0.06632345914840698
1510688030.9981823,1794,0.06631075590848923
1510688038.1786232,1798,0.06626354902982712
1510688041.7695184,1800,0.06623845547437668
1510688045.354702 ,1802,0.06621414422988892
1510688048.9307966,1804,0.06618994474411011
1510688050.7266233,1805,0.06617741286754608
1510688054.3189144,1807,0.06615229696035385
1510688061.6373296,1811,0.06609845906496048
1510688065.289221 ,1813,0.06607303768396378
1510688067.0878952,1814,0.06606104969978333
1510688072.564602 ,1817,0.06602412462234497
1510688077.948274 ,1820,0.0659884661436081
1510688085.1297526,1824,0.06593690067529678
1510688088.7284153,1826,0.0659153163433075
1510688090.5087035,1827,0.06590108573436737
1510688095.8675156,1830,0.06586318463087082
1510688103.0469398,1834,0.0658150240778923
1510688104.8313477,1835,0.06580450385808945
1510688106.6116693,1836,0.06579191982746124
1510688108.3971858,1837,0.06577692925930023
1510688113.8366072,1840,0.06574460119009018
1510688115.6787198,1841,0.06573211401700974
1510688117.4833744,1842,0.06571956723928452
1510688121.0845792,1844,0.0656956359744072
1510688122.8680158,1845,0.06568562984466553
1510688124.6515994,1846,0.06567063927650452
1510688128.2280126,1848,0.06564858555793762
1510688130.017761 ,1849,0.06563807278871536
1510688135.4176936,1852,0.0656060129404068
1510688137.2118723,1853,0.06559485197067261
1510688140.8111687,1855,0.06556861102581024
1510688144.407891 ,1857,0.06554275006055832
1510688146.2374566,1858,0.06553351879119873
1510688148.0424047,1859,0.06552030146121979
1510688160.6495142,1866,0.06544001400470734
1510688162.4447718,1867,0.0654277354478836
1510688164.2550156,1868,0.06541747599840164
1510688166.0538661,1869,0.06540440768003464
1510688176.9638083,1875,0.06533656269311905
1510688178.7784512,1876,0.06532152742147446
1510688180.5720603,1877,0.06530942767858505
1510688182.3707106,1878,0.06530018895864487
1510688184.1886752,1879,0.06528725475072861
1510688187.7920172,1881,0.06526515632867813
1510688193.1747797,1884,0.0652291402220726
1510688198.619567 ,1887,0.0651952251791954
1510688205.8841252,1891,0.06514906138181686
1510688207.6963925,1892,0.06513543426990509
1510688209.4973261,1893,0.06512278318405151
1510688211.2990167,1894,0.06511233001947403
1510688213.0955734,1895,0.0651010274887085
1510688216.7506683,1897,0.0650770366191864
1510688218.5800185,1898,0.06506563723087311
1510688225.77848  ,1902,0.06501857191324234
1510688231.2824144,1905,0.06498222053050995
1510688233.1119153,1906,0.06497004628181458
1510688238.6133587,1909,0.06493107229471207
1510688240.4479747,1910,0.06492073088884354
1510688242.272773 ,1911,0.06490868330001831
1510688244.096035 ,1912,0.0648951381444931
1510688245.9000735,1913,0.06488306075334549
1510688249.5007062,1915,0.06486011296510696
1510688251.3021517,1916,0.06484780460596085
1510688253.0983543,1917,0.06483610719442368
1510688254.911363 ,1918,0.06482510268688202
1510688256.748061 ,1919,0.06481298804283142
1510688264.071996 ,1923,0.06477313488721848
1510688265.9272726,1924,0.06476262211799622
1510688267.7611566,1925,0.06475117057561874
1510688273.2239254,1928,0.06471817940473557
1510688276.8203213,1930,0.06469624489545822
1510688278.6313791,1931,0.06468496471643448
1510688280.4219284,1932,0.06467106938362122
1510688284.0322077,1934,0.06465255469083786
1510688285.8375564,1935,0.06463843584060669
1510688287.6603422,1936,0.06463020294904709
1510688291.2627463,1938,0.06460399180650711
1510688293.0607052,1939,0.06459691375494003
1510688298.506167 ,1942,0.06456520408391953
1510688302.1485343,1944,0.06453605741262436
1510688305.7489502,1946,0.06452251225709915
1510688307.5617568,1947,0.06450854241847992
1510688311.2075002,1949,0.06448942422866821
1510688316.6942337,1952,0.06445583701133728
1510688320.3535335,1954,0.06443444639444351
1510688322.1848218,1955,0.06442228704690933
1510688324.0135808,1956,0.0644114762544632
1510688327.7135599,1958,0.06438867002725601
1510688331.3738341,1960,0.064365454018116
1510688333.1741269,1961,0.06435852497816086
1510688334.979651 ,1962,0.06434354186058044
1510688342.2472503,1966,0.06430427730083466
1510688344.0883129,1967,0.06429319828748703
1510688347.745822 ,1969,0.06427154690027237
1510688351.406215 ,1971,0.06425460427999496
1510688360.4504793,1976,0.064197838306427
1510688367.5947006,1980,0.06415743380784988
1510688369.3825476,1981,0.06414758414030075
1510688371.174131 ,1982,0.0641353577375412
1510688372.9616778,1983,0.06412758678197861
1510688394.4747846,1995,0.06399813294410706
1510688398.0565996,1997,0.0639805942773819
1510688401.6435037,1999,0.0639607310295105
